{
  "runtimeOptions": {
    "tfm": "net6.0",
    "frameworks": [
      {
        "name": "Microsoft.NETCore.App",
        "version": "6.0.0"
      },
      {
        "name": "Microsoft.WindowsDesktop.App",
        "version": "6.0.0"
      }
    ],
    "configProperties": {
      "System.Globalization.Invariant": false,
      "System.Reflection.Metadata.MetadataUpdater.IsSupported": false,
      "System.Runtime.Serialization.EnableUnsafeBinaryFormatterSerialization": false,
      "System.Runtime.TieredCompilation": true,
      "System.Runtime.TieredCompilation.QuickJit": true
    }
  }
}